,Post Message,Type,Posted,Lifetime Post organic reach,Lifetime Post Organic Impressions,Lifetime Post Impressions by people who have liked your Page,Lifetime Post reach by people who like your Page,Lifetime Engaged Users,Lifetime People who have liked your Page and engaged with your post,Lifetime Talking About This (Post) by action type - like,Post Mesage,Day posted,Date,Time
0,"The best marketing strategy ever: CARE 

Great insight! via Janice Tennant, CMO, Merrell",Photo,2021-03-29 01:49:00,557.0,584.0,571.0,548.0,4.0,1.0,4.0,"The best marketing strategy ever: CARE 

Great insight! via Janice Tennant, CMO, Merrell",Monday,2021-03-29,2022-03-29 08:49:00+03:00
1,"For March Women's Month, we're celebrating the fearless, fabulous women around the world who inspire us! üçæ  Meet Amira Yahyaoui, founder and CEO of  Mos.com. She traveled halfway across the world from Tunisia to start Mos ‚Äì a digital college financial aid platform for millions of students https://bit.ly/3tpQU1C

#ChoosetoChallenge",Photo,2021-03-27 00:30:01,756.0,770.0,757.0,744.0,4.0,3.0,2.0,"For March Women's Month, we're celebrating the fearless, fabulous women around the world who inspire us! üçæ  Meet Amira Yahyaoui, founder and CEO of  Mos.com. She traveled halfway across the world from Tunisia to start Mos ‚Äì a digital college financial aid platform for millions of students https://bit.ly/3tpQU1C

#ChoosetoChallenge",Saturday,2021-03-27,2022-03-29 07:30:01+03:00
2,"New Year's resolutions can be hard to keep, but Spring is a chance for a fresh start. 

Here are 3 key things you can learn from what the leading digital businesses do well:

1. Get clarity on the problem you are solving - understand the value your offering delivers to your customer
2. Focus on designing your customer experience to delight
3. Use data to refine your strategy

#DigitalTransformation #BigData #AI #ChangeLeadership #Reactionpower ##marketingdigital #Growwithus #BusinessMindset #Entrepreneurship #Success",Photo,2021-03-26 17:12:02,621.0,646.0,634.0,612.0,3.0,2.0,2.0,"New Year's resolutions can be hard to keep, but Spring is a chance for a fresh start. 

Here are 3 key things you can learn from what the leading digital businesses do well:

1. Get clarity on the problem you are solving - understand the value your offering delivers to your customer
2. Focus on designing your customer experience to delight
3. Use data to refine your strategy

#DigitalTransformation #BigData #AI #ChangeLeadership #Reactionpower ##marketingdigital #Growwithus #BusinessMindset #Entrepreneurship #Success",Friday,2021-03-26,2022-03-30 00:12:02+03:00
3,Agility is key to survival. Businesses that have been most resilient are those that have pivoted and taken smart action to accelerate their digital transformation in ways that are aligned with their growth strategy. Read on: [How to] Pivot Post-Pandemic: Turning Crisis &amp; Chaos into Action - https://bit.ly/3jNnqHw,Link,2021-03-25 01:50:03,280.0,292.0,278.0,269.0,5.0,3.0,3.0,Agility is key to survival. Businesses that have been most resilient are those that have pivoted and taken smart action to accelerate their digital transformation in ways that are aligned with their growth strategy. Read on: [How to] Pivot Post-Pandemic: Turning Crisis &amp; Chaos into Action - https://bit.ly/3jNnqHw,Thursday,2021-03-25,2022-03-29 08:50:03+03:00
4,"For March Women's Month, we're celebrating the fearless, fabulous women around the world who inspire us! üçæ Meet Rita Ferro... 

She‚Äôs championed diversity, inclusion, and data science to push the boundaries of what marketers and advertisers can accomplish in their promotions through Disney‚Äôs diverse network portfolio. #ChoosetoChallenge
https://bit.ly/3tpQU1C",Photo,2021-03-24 17:00:14,430.0,461.0,448.0,419.0,2.0,0.0,2.0,"For March Women's Month, we're celebrating the fearless, fabulous women around the world who inspire us! üçæ Meet Rita Ferro... 

She‚Äôs championed diversity, inclusion, and data science to push the boundaries of what marketers and advertisers can accomplish in their promotions through Disney‚Äôs diverse network portfolio. #ChoosetoChallenge
https://bit.ly/3tpQU1C",Wednesday,2021-03-24,2022-03-30 00:00:14+03:00
5,"Time for a change? Transformations are hard. Thanks to our team of skilled digital marketing experts, unlocking your business success through digital transformation can be a snip. We are driven by data and a desire to see you succeed. Let‚Äôs talk.",Photo,2021-03-24 01:49:00,683.0,722.0,711.0,678.0,4.0,2.0,4.0,"Time for a change? Transformations are hard. Thanks to our team of skilled digital marketing experts, unlocking your business success through digital transformation can be a snip. We are driven by data and a desire to see you succeed. Let‚Äôs talk.",Wednesday,2021-03-24,2022-03-29 08:49:00+03:00
6,"Spring is here! 

As your sure partner for digital growth, we'll enable a fresh start for business. Let's accelerate your growth with digital marketing, content services, and data. Get started https://bit.ly/3sKZGaH",Video,2021-03-23 01:48:18,308.0,335.0,320.0,295.0,4.0,1.0,2.0,"Spring is here! 

As your sure partner for digital growth, we'll enable a fresh start for business. Let's accelerate your growth with digital marketing, content services, and data. Get started https://bit.ly/3sKZGaH",Tuesday,2021-03-23,2022-03-29 08:48:18+03:00
7,"For March Women's Month, we're celebrating the fearless, fabulous women around the world who inspire us! üçæ

Meet Anneli Scopazzi who launched Boulevard Recruiting after successfully supporting two billion-dollar tech companies scale. A passionate advocate for diversity, Anneli is constantly creatively reimagining and reinventing what it takes to build an optimal world! With brilliance and excellence, this powerful woman embodies #ChoosetoChallenge  https://bit.ly/3tpQU1C",Photo,2021-03-22 17:00:13,497.0,524.0,513.0,489.0,2.0,0.0,2.0,"For March Women's Month, we're celebrating the fearless, fabulous women around the world who inspire us! üçæ

Meet Anneli Scopazzi who launched Boulevard Recruiting after successfully supporting two billion-dollar tech companies scale. A passionate advocate for diversity, Anneli is constantly creatively reimagining and reinventing what it takes to build an optimal world! With brilliance and excellence, this powerful woman embodies #ChoosetoChallenge  https://bit.ly/3tpQU1C",Monday,2021-03-22,2022-03-30 00:00:13+03:00
8,"For March Women's Month, we're celebrating the fearless, fabulous women around the world who inspire us! üçæ

Meet Dr. Wanjiku Kironyo internationally renowned speaker, founder of the Maji Mazuri organization, and author of the best-selling book 'Born to Be Unstoppable.' In her remarkable, inspiring #ChoosetoChallenge story she shares how she strives to change the mindset of those who see poverty and deprivation as their life destiny https://bit.ly/3tpQU1C",Photo,2021-03-21 01:40:00,1476.0,1523.0,684.0,634.0,56.0,8.0,47.0,"For March Women's Month, we're celebrating the fearless, fabulous women around the world who inspire us! üçæ

Meet Dr. Wanjiku Kironyo internationally renowned speaker, founder of the Maji Mazuri organization, and author of the best-selling book 'Born to Be Unstoppable.' In her remarkable, inspiring #ChoosetoChallenge story she shares how she strives to change the mindset of those who see poverty and deprivation as their life destiny https://bit.ly/3tpQU1C",Sunday,2021-03-21,2022-03-29 08:40:00+03:00
9,"For March Women's Month, we're celebrating the fearless, fabulous women around the world who inspire us! üçæ

Meet Hunter Bell who took a leap to launch her own brand. It always feels too soon to leap. Hunter's #ChoosetoChallenge story says you have to. Because that‚Äôs the moment between you and remarkable. https://bit.ly/3tpQU1C",Photo,2021-03-18 11:20:07,497.0,520.0,510.0,486.0,4.0,3.0,2.0,"For March Women's Month, we're celebrating the fearless, fabulous women around the world who inspire us! üçæ

Meet Hunter Bell who took a leap to launch her own brand. It always feels too soon to leap. Hunter's #ChoosetoChallenge story says you have to. Because that‚Äôs the moment between you and remarkable. https://bit.ly/3tpQU1C",Thursday,2021-03-18,2022-03-29 18:20:07+03:00
10,"Lina Polimeni's #ChooseToChallenge is a story of betting on oneself. 

We Reaction Power celebrate you and the brilliant work you're doing at Lilly https://bit.ly/3qALwa0",Photo,2021-03-17 22:38:46,475.0,491.0,481.0,468.0,4.0,2.0,3.0,"Lina Polimeni's #ChooseToChallenge is a story of betting on oneself. 

We Reaction Power celebrate you and the brilliant work you're doing at Lilly https://bit.ly/3qALwa0",Wednesday,2021-03-17,2022-03-30 05:38:46+03:00
11,"Agility and resilience perfectly describe the approach taken by Cindy-Anne Lewis and her marketing team in 2020. She wisely leveraged social selling to drive digital transformation, broaden engagement and build a community of engineers. At Reactionpower, we're proud to be part of the growth and we look forward to an even better 2021 ‚ù§Ô∏è https://www.lohika.com/lohika-marketing-team-2020-results",Photo,2021-03-16 08:05:05,294.0,305.0,295.0,285.0,3.0,2.0,3.0,"Agility and resilience perfectly describe the approach taken by Cindy-Anne Lewis and her marketing team in 2020. She wisely leveraged social selling to drive digital transformation, broaden engagement and build a community of engineers. At Reactionpower, we're proud to be part of the growth and we look forward to an even better 2021 ‚ù§Ô∏è https://www.lohika.com/lohika-marketing-team-2020-results",Tuesday,2021-03-16,2022-03-29 15:05:05+03:00
12,Magda N. Yrizarry is Verizon Communications Inc.'s Chief Talent &amp; Diversity Officer and Senior Vice President. Yrizarry's #ChooseToChallenge is to educate thousands on unconscious bias in the workplace and clear the way for diverse talent to succeed. https://bit.ly/3t6HEiJ,Photo,2021-03-11 13:02:02,503.0,522.0,514.0,497.0,2.0,1.0,1.0,Magda N. Yrizarry is Verizon Communications Inc.'s Chief Talent &amp; Diversity Officer and Senior Vice President. Yrizarry's #ChooseToChallenge is to educate thousands on unconscious bias in the workplace and clear the way for diverse talent to succeed. https://bit.ly/3t6HEiJ,Thursday,2021-03-11,2022-03-29 20:02:02+03:00
13,"Today, in honor of #IWD and this month, we'll be featuring inspiring women.

First up! Gail Tifford, Chief Brand Officer of WW International (formerly Weight Watchers). Gail's career path demonstrates the importance of sticking to one‚Äôs gut https://reactionpower.com/international-womens-day-choose-to-challenge/",Photo,2021-03-08 01:27:00,632.0,655.0,526.0,500.0,4.0,1.0,4.0,"Today, in honor of #IWD and this month, we'll be featuring inspiring women.

First up! Gail Tifford, Chief Brand Officer of WW International (formerly Weight Watchers). Gail's career path demonstrates the importance of sticking to one‚Äôs gut https://reactionpower.com/international-womens-day-choose-to-challenge/",Monday,2021-03-08,2022-03-29 08:27:00+03:00
14,"New Year wasn't quite the fresh start you were hoping for?
Well, it‚Äôs a new month, which means a new opportunity to a fresh start for you and many businesses alike. We can help.  https://reactionpower.com/",Photo,2021-03-03 01:14:00,489.0,514.0,508.0,486.0,2.0,0.0,2.0,"New Year wasn't quite the fresh start you were hoping for?
Well, it‚Äôs a new month, which means a new opportunity to a fresh start for you and many businesses alike. We can help.  https://reactionpower.com/",Wednesday,2021-03-03,2022-03-29 08:14:00+03:00
15,"Growing a brand is about more than just great products. After years of working in the beauty industry, Karen Young, Founder and CEO of Oui the People, felt that there were major gaps in inclusivity and sustainability. In 2015, Young set out to redesign the shaving experience for women and non-binary people through the launch of OUI came the mission ‚Äúreconstitution of beauty‚Äù OUI is a story of identifying your customers and building your business around their needs and hopes and individual stories.",Photo,2021-02-25 22:16:01,530.0,552.0,544.0,524.0,3.0,2.0,3.0,"Growing a brand is about more than just great products. After years of working in the beauty industry, Karen Young, Founder and CEO of Oui the People, felt that there were major gaps in inclusivity and sustainability. In 2015, Young set out to redesign the shaving experience for women and non-binary people through the launch of OUI came the mission ‚Äúreconstitution of beauty‚Äù OUI is a story of identifying your customers and building your business around their needs and hopes and individual stories.",Thursday,2021-02-25,2022-03-30 05:16:01+03:00
16,"Join us for a lively conversation with brilliant experts on how we impact #ArtificialIntelligence and the next frontier of our humanity on Saturday, 20 February, 2021 at 9:00 AM PST https://bit.ly/3scdYAy 

#BlackHistoryMonth",Video,2021-02-19 11:23:03,403.0,423.0,306.0,298.0,12.0,7.0,4.0,"Join us for a lively conversation with brilliant experts on how we impact #ArtificialIntelligence and the next frontier of our humanity on Saturday, 20 February, 2021 at 9:00 AM PST https://bit.ly/3scdYAy 

#BlackHistoryMonth",Friday,2021-02-19,2022-03-29 18:23:03+03:00
17,"Hi! We'd like to invite you to a lively conversation with black leaders on how we impact Artificial Intelligence and the next frontier of our humanity. Please invite anyone who you feel could add value to the conversation. 
Date: Sat, 20 Feb, 2021
Time:  09:00 AM Pacific Time (US &amp; Canada)
Link:  https://bit.ly/3pwojFv

#BlackHistoryMonth #ai #machinelearning  #diversity_and_inclusion",Photo,2021-02-19 00:36:03,415.0,435.0,415.0,400.0,2.0,0.0,2.0,"Hi! We'd like to invite you to a lively conversation with black leaders on how we impact Artificial Intelligence and the next frontier of our humanity. Please invite anyone who you feel could add value to the conversation. 
Date: Sat, 20 Feb, 2021
Time:  09:00 AM Pacific Time (US &amp; Canada)
Link:  https://bit.ly/3pwojFv

#BlackHistoryMonth #ai #machinelearning  #diversity_and_inclusion",Friday,2021-02-19,2022-03-29 07:36:03+03:00
18,"Every business owner has one overriding, often irrational fear: What if all of my customers disappear? Well, Roberto Ortiz and Jerry Shen were faced with this pandemic disruption like many other businesses early last year. The dynamic duo, and co-founder Tiger, decided to pivot to what is now ‚Äì Welcome, a high-end virtual event platform. They went on to secure a $12M Series A from with Kleiner Perkins, Kapor Captial, WIN (Webb Investment Network), Y Combinator, and others. Read on: https://bit.ly/3tqu5f3",Photo,2021-02-16 10:05:18,411.0,435.0,422.0,401.0,5.0,3.0,4.0,"Every business owner has one overriding, often irrational fear: What if all of my customers disappear? Well, Roberto Ortiz and Jerry Shen were faced with this pandemic disruption like many other businesses early last year. The dynamic duo, and co-founder Tiger, decided to pivot to what is now ‚Äì Welcome, a high-end virtual event platform. They went on to secure a $12M Series A from with Kleiner Perkins, Kapor Captial, WIN (Webb Investment Network), Y Combinator, and others. Read on: https://bit.ly/3tqu5f3",Tuesday,2021-02-16,2022-03-29 17:05:18+03:00
19,"Airbnb will go down as one of the best business comeback stories! From a financial crunch to currently listing 3 million+ lodgings in nearly 200 countries, Airbnb now boasts of a market share that's more than Hilton, Marriott &amp; Intercontinental Hotels combined.",Video,2021-02-15 12:00:31,250.0,267.0,246.0,232.0,9.0,3.0,4.0,"Airbnb will go down as one of the best business comeback stories! From a financial crunch to currently listing 3 million+ lodgings in nearly 200 countries, Airbnb now boasts of a market share that's more than Hilton, Marriott &amp; Intercontinental Hotels combined.",Monday,2021-02-15,2022-03-29 19:00:31+03:00
20,"Two is always better than one‚Ä¶ That's why having a digital marketing agency as a partner that intimately understands your core business objectives allows you to concentrate on your goals. Keep the Valentine spirit alive by having us on-board.
https://bit.ly/3jMP1Zr",Photo,2021-02-14 17:46:00,464.0,484.0,475.0,459.0,3.0,1.0,3.0,"Two is always better than one‚Ä¶ That's why having a digital marketing agency as a partner that intimately understands your core business objectives allows you to concentrate on your goals. Keep the Valentine spirit alive by having us on-board.
https://bit.ly/3jMP1Zr",Sunday,2021-02-14,2022-03-30 00:46:00+03:00
21,Steve Job's career comeback at Apple is PROOF it's okay to embrace one's failure.  That gave him the motivation to move even further forward.,Photo,2021-02-13 12:44:01,486.0,496.0,488.0,481.0,6.0,4.0,2.0,Steve Job's career comeback at Apple is PROOF it's okay to embrace one's failure.  That gave him the motivation to move even further forward.,Saturday,2021-02-13,2022-03-29 19:44:01+03:00
22,You need 2 things in business to grow: innovation &amp; marketing - @TonyRobbins #NewWorldNewYou,Video,2021-02-11 11:49:12,157.0,174.0,157.0,142.0,5.0,2.0,3.0,You need 2 things in business to grow: innovation &amp; marketing - @TonyRobbins #NewWorldNewYou,Thursday,2021-02-11,2022-03-29 18:49:12+03:00
23,Looking to connect with your clients? Show them some ‚ù§Ô∏è. Here are 5 things you can innovate in your business now to engage them!,Video,2021-02-10 11:07:24,151.0,165.0,152.0,139.0,5.0,2.0,2.0,Looking to connect with your clients? Show them some ‚ù§Ô∏è. Here are 5 things you can innovate in your business now to engage them!,Wednesday,2021-02-10,2022-03-29 18:07:24+03:00
24,"Effective managers delegate and empower others, but they also hold them accountable. Here is what managers who are effective at managing at scale do: https://app.marketbeam.io/u/hreMv4",Photo,2021-02-08 15:46:02,385.0,401.0,394.0,380.0,2.0,1.0,1.0,"Effective managers delegate and empower others, but they also hold them accountable. Here is what managers who are effective at managing at scale do: https://app.marketbeam.io/u/hreMv4",Monday,2021-02-08,2022-03-29 22:46:02+03:00
25,"‚ÄúI am a believer in, nothing big gets done all at once, and there‚Äôs no point in being anxious about trying to do everything.‚Äù- Barack Obama on how he stays productive.",Link,2021-02-04 17:00:19,330.0,330.0,324.0,326.0,5.0,3.0,2.0,"‚ÄúI am a believer in, nothing big gets done all at once, and there‚Äôs no point in being anxious about trying to do everything.‚Äù- Barack Obama on how he stays productive.",Thursday,2021-02-04,2022-03-30 00:00:19+03:00
26,"Let's make you look like a rockstar. It's kinda what we do. üíÅ‚Äç‚ôÄÔ∏è

Contact us! https://reactionpower.com/digital-marketing-strategy-and-execution/?utm_campaign=facebook&amp;utm_source=Reaction+Power&amp;utm_medium=social&amp;utm_content=1612080600",Photo,2021-01-31 00:10:00,450.0,467.0,461.0,443.0,2.0,1.0,2.0,"Let's make you look like a rockstar. It's kinda what we do. üíÅ‚Äç‚ôÄÔ∏è

Contact us! https://reactionpower.com/digital-marketing-strategy-and-execution/?utm_campaign=facebook&amp;utm_source=Reaction+Power&amp;utm_medium=social&amp;utm_content=1612080600",Sunday,2021-01-31,2022-03-29 07:10:00+03:00
27,"It can be hard to do everything you need to get done in a day. Fortunately, an exceptional team working in your wings can help you stay focused on your high-value activities. Let's get started. https://bit.ly/3csuh7w",Video,2021-01-30 23:15:24,247.0,254.0,210.0,206.0,1.0,0.0,1.0,"It can be hard to do everything you need to get done in a day. Fortunately, an exceptional team working in your wings can help you stay focused on your high-value activities. Let's get started. https://bit.ly/3csuh7w",Saturday,2021-01-30,2022-03-30 06:15:24+03:00
28,"Our exceptional team gives you peace of mind, so you can focus on other things.

https://bit.ly/36v6ShQ",Photo,2021-01-30 22:48:33,469.0,469.0,464.0,463.0,3.0,2.0,2.0,"Our exceptional team gives you peace of mind, so you can focus on other things.

https://bit.ly/36v6ShQ",Saturday,2021-01-30,2022-03-30 05:48:33+03:00
29,"Speed, agility, and resilience! That was the approach taken by Cindy-Anne Lewis, Global Head of Marketing at Lohika, a Capgemini company, and her marketing team to pivot in 2020. See how she wisely leveraged social media marketing to broaden reach, build a community of engineering leaders and drive new business opportunities even in uncertainty. As Reactionpower, we're proud to be part of the growth and we look forward to an even better 2021.",Link,2021-01-29 11:55:04,206.0,215.0,210.0,201.0,4.0,2.0,2.0,"Speed, agility, and resilience! That was the approach taken by Cindy-Anne Lewis, Global Head of Marketing at Lohika, a Capgemini company, and her marketing team to pivot in 2020. See how she wisely leveraged social media marketing to broaden reach, build a community of engineering leaders and drive new business opportunities even in uncertainty. As Reactionpower, we're proud to be part of the growth and we look forward to an even better 2021.",Friday,2021-01-29,2022-03-29 18:55:04+03:00
30,"You're halfway through your first of many great weeks.

Accelerate your wins with expert-led campaigns. Contact us! https://bit.ly/3r3FNdz",Photo,2021-01-29 08:34:16,406.0,406.0,406.0,411.0,5.0,3.0,2.0,"You're halfway through your first of many great weeks.

Accelerate your wins with expert-led campaigns. Contact us! https://bit.ly/3r3FNdz",Friday,2021-01-29,2022-03-29 15:34:16+03:00
31,"Now more than ever, the new next is more uncertain than it ever was. Success means being forward-thinking, unafraid of uncertainty, flexible, and truly agile. We‚Äôre good at that. We‚Äôll combine these skills with cutting edge creativity and a passion for data to bring you the stellar digital marketing results you‚Äôve been looking for. Let‚Äôs talk. https://reactionpower.com/digital-strategy-execution/",Photo,2021-01-26 12:00:58,522.0,560.0,554.0,515.0,3.0,0.0,2.0,"Now more than ever, the new next is more uncertain than it ever was. Success means being forward-thinking, unafraid of uncertainty, flexible, and truly agile. We‚Äôre good at that. We‚Äôll combine these skills with cutting edge creativity and a passion for data to bring you the stellar digital marketing results you‚Äôve been looking for. Let‚Äôs talk. https://reactionpower.com/digital-strategy-execution/",Tuesday,2021-01-26,2022-03-29 19:00:58+03:00
32,"If 2020 taught us anything, it's that digital matters now more than ever.üí°  Ready to accelerate your online presence? We can help. https://bit.ly/3v83cxv",Unknown,2021-01-22 11:57:27,453.0,462.0,455.0,445.0,3.0,2.0,2.0,"If 2020 taught us anything, it's that digital matters now more than ever.üí°  Ready to accelerate your online presence? We can help. https://bit.ly/3v83cxv",Friday,2021-01-22,2022-03-29 18:57:27+03:00
33,"We're setting our resolutions and plans, but first, let's look back and see what lessons can be learned. 

As Confucius said, ‚ÄúStudy the past if you would define the future.‚Äù 

How are you reflecting? 

Here are some questions to help you out:
üí° What's something I know now, that I didn't know 6 months ago?
üí° What challenges have I overcome?
üí° What skills have I learnt that could come in handy in the new year?
üí° Where do I want to be in 6 months? In 5 years?

 #reflection #lookingback #Motivation #resolutions#newyear#2021#happynewyear #beginnings #bestwishes",Photo,2021-01-10 10:53:28,431.0,469.0,455.0,418.0,4.0,2.0,2.0,"We're setting our resolutions and plans, but first, let's look back and see what lessons can be learned. 

As Confucius said, ‚ÄúStudy the past if you would define the future.‚Äù 

How are you reflecting? 

Here are some questions to help you out:
üí° What's something I know now, that I didn't know 6 months ago?
üí° What challenges have I overcome?
üí° What skills have I learnt that could come in handy in the new year?
üí° Where do I want to be in 6 months? In 5 years?

 #reflection #lookingback #Motivation #resolutions#newyear#2021#happynewyear #beginnings #bestwishes",Sunday,2021-01-10,2022-03-29 17:53:28+03:00
34,"We made it! We zoomed, laughed, and cried. We picked ourselves up, held together even while apart and pushed forward. 

Hey üëã 2021, we've been waiting for you! 

Here's to wins, fulfillment and joy in the new year üéâüéâ",Photo,2021-01-06 16:02:29,438.0,439.0,439.0,438.0,2.0,1.0,2.0,"We made it! We zoomed, laughed, and cried. We picked ourselves up, held together even while apart and pushed forward. 

Hey üëã 2021, we've been waiting for you! 

Here's to wins, fulfillment and joy in the new year üéâüéâ",Wednesday,2021-01-06,2022-03-29 23:02:29+03:00
35,Are you ready to kickstart your New Year with plans that will set the stage for this year? There is nothing sweeter than the calm that comes with preparation. Click the link below to get started. https://reactionpower.com/,Video,2021-01-05 10:34:55,287.0,331.0,317.0,275.0,3.0,1.0,2.0,Are you ready to kickstart your New Year with plans that will set the stage for this year? There is nothing sweeter than the calm that comes with preparation. Click the link below to get started. https://reactionpower.com/,Tuesday,2021-01-05,2022-03-29 17:34:55+03:00
36,"Hey you! üëã 
Yes, you.

It's not all about the likes anymore!
Keen to build your brand and drive engagement with your customersü§î ?  

That‚Äôs where we come in.
Let's chat about how to best align your digital strategy with your business goals.",Status,2021-06-24 13:14:01,481.0,493.0,482.0,473.0,5.0,4.0,2.0,"Hey you! üëã 
Yes, you.

It's not all about the likes anymore!
Keen to build your brand and drive engagement with your customersü§î ?  

That‚Äôs where we come in.
Let's chat about how to best align your digital strategy with your business goals.",Thursday,2021-06-24,2022-03-29 20:14:01+03:00
37,"Level up the experience your consumers have with your brand: It's all about the emotions and ideals that your product evokes. 

Set Goals ‚û°Ô∏è  Measure‚û°Ô∏è Iterate.

Something a salesperson should never forget.

Learn More : https://bit.ly/3vgeJcZ",Link,2021-06-15 05:44:02,548.0,572.0,561.0,538.0,7.0,5.0,4.0,"Level up the experience your consumers have with your brand: It's all about the emotions and ideals that your product evokes. 

Set Goals ‚û°Ô∏è  Measure‚û°Ô∏è Iterate.

Something a salesperson should never forget.

Learn More : https://bit.ly/3vgeJcZ",Tuesday,2021-06-15,2022-03-29 12:44:02+03:00
38,"Your digital marketing is too important to be left to guesswork. We‚Äôre guided by years of proven frameworks, a passion for strategic solutions, and a spirit of careful experimentation to craft digital marketing strategies that work. 
https://bit.ly/3tFygTN",Video,2021-05-30 00:29:21,277.0,299.0,282.0,263.0,6.0,4.0,2.0,"Your digital marketing is too important to be left to guesswork. We‚Äôre guided by years of proven frameworks, a passion for strategic solutions, and a spirit of careful experimentation to craft digital marketing strategies that work. 
https://bit.ly/3tFygTN",Sunday,2021-05-30,2022-03-29 07:29:21+03:00
39,"Think big! While there‚Äôs also something to be said for having realistic expectations about what you can achieve, there's nothing wrong with having big dreams and striving to make them a reality.

Let's connect: https://bit.ly/3b8LWQe",Photo,2021-05-21 08:00:48,604.0,628.0,615.0,595.0,5.0,2.0,5.0,"Think big! While there‚Äôs also something to be said for having realistic expectations about what you can achieve, there's nothing wrong with having big dreams and striving to make them a reality.

Let's connect: https://bit.ly/3b8LWQe",Friday,2021-05-21,2022-03-29 15:00:48+03:00
40,"It's not too late to register! We're going LIVE today at 9:00 AM PST with our #webinar: How to do more with #globallydistributed #VirtualTeams

Sign up to secure your spot here: https://bit.ly/3edkG4U

#GlobalInnovation #GloballyConnected #RemoteWork",Photo,2021-05-05 13:44:01,217.0,233.0,216.0,202.0,2.0,1.0,2.0,"It's not too late to register! We're going LIVE today at 9:00 AM PST with our #webinar: How to do more with #globallydistributed #VirtualTeams

Sign up to secure your spot here: https://bit.ly/3edkG4U

#GlobalInnovation #GloballyConnected #RemoteWork",Wednesday,2021-05-05,2022-03-29 20:44:01+03:00
41,"Join this lively discussion on how to create a high-performance culture in a globally distributed remote team on Wednesday, 5 May at 9:00 AM PST: https://bit.ly/3edkG4U
#PowerLife #VirtualTeams",Photo,2021-05-04 06:04:02,728.0,755.0,594.0,573.0,8.0,4.0,7.0,"Join this lively discussion on how to create a high-performance culture in a globally distributed remote team on Wednesday, 5 May at 9:00 AM PST: https://bit.ly/3edkG4U
#PowerLife #VirtualTeams",Tuesday,2021-05-04,2022-03-29 13:04:02+03:00
42,"What's next in your #digitaltransformation? As a modern CMO, you must be curious, flexible, agile, and nimble. Here are 8 insights that will make or break your business: https://bit.ly/2Pa6Tm6",Link,2021-04-22 22:59:03,263.0,287.0,271.0,249.0,3.0,1.0,3.0,"What's next in your #digitaltransformation? As a modern CMO, you must be curious, flexible, agile, and nimble. Here are 8 insights that will make or break your business: https://bit.ly/2Pa6Tm6",Thursday,2021-04-22,2022-03-30 05:59:03+03:00
43,The world has changed but often what hasn't is the way agencies think and what they offer. How does your digital marketing agency stack up against Reactionpower? https://bit.ly/3eIsfkS,Link,2021-04-20 20:03:06,321.0,340.0,322.0,305.0,4.0,2.0,3.0,The world has changed but often what hasn't is the way agencies think and what they offer. How does your digital marketing agency stack up against Reactionpower? https://bit.ly/3eIsfkS,Tuesday,2021-04-20,2022-03-30 03:03:06+03:00
44,"&quot;There are three objectives for content marketing: reach, engagement, conversion. Define key metrics for each. &quot; ‚Äî @BrennerMichael 

Want to create compelling content that converts? Read this article : https://bit.ly/3mDoDT0",Video,2021-04-15 01:27:14,461.0,504.0,335.0,300.0,6.0,1.0,2.0,"&quot;There are three objectives for content marketing: reach, engagement, conversion. Define key metrics for each. &quot; ‚Äî @BrennerMichael 

Want to create compelling content that converts? Read this article : https://bit.ly/3mDoDT0",Thursday,2021-04-15,2022-03-29 08:27:14+03:00
45,"Brilliant quote by Les Brown! 

If you agree drop a ‚ù§Ô∏è. We appreciate your presence here. üôåüèª",Photo,2021-04-14 14:17:01,624.0,650.0,582.0,563.0,42.0,3.0,31.0,"Brilliant quote by Les Brown! 

If you agree drop a ‚ù§Ô∏è. We appreciate your presence here. üôåüèª",Wednesday,2021-04-14,2022-03-29 21:17:01+03:00
46,"What drives digital transformation? See how these savvy businesses are doubling down on agile, scalable technology to compete and thrive in today's uncertain environment  https://bit.ly/3d1EDtK",Link,2021-04-07 14:13:05,494.0,518.0,502.0,485.0,6.0,3.0,3.0,"What drives digital transformation? See how these savvy businesses are doubling down on agile, scalable technology to compete and thrive in today's uncertain environment  https://bit.ly/3d1EDtK",Wednesday,2021-04-07,2022-03-29 21:13:05+03:00
47,"If your digital marketing agency pursues creative award targets, ensure that it also has effectiveness award targets üéØ https://bit.ly/3rlI8jC",Link,2021-04-05 08:53:16,516.0,550.0,537.0,507.0,3.0,2.0,2.0,"If your digital marketing agency pursues creative award targets, ensure that it also has effectiveness award targets üéØ https://bit.ly/3rlI8jC",Monday,2021-04-05,2022-03-29 15:53:16+03:00
48,"Generating traffic but no sales? 

If you‚Äôre running a business, traffic alone will not bring ROI. You need sales conversions.

A flimsy CTA can compromise everything you worked hard to achieve with your marketing efforts. 

Here are 3 simple steps to help you turn the tide today:",Unknown,2021-09-23 14:06:43,522.0,546.0,527.0,509.0,4.0,2.0,3.0,"Generating traffic but no sales? 

If you‚Äôre running a business, traffic alone will not bring ROI. You need sales conversions.

A flimsy CTA can compromise everything you worked hard to achieve with your marketing efforts. 

Here are 3 simple steps to help you turn the tide today:",Thursday,2021-09-23,2022-03-29 21:06:43+03:00
49,Is it getting harder and harder to plan your marketing strategy? Take control of your brand with these 10 timeless marketing tips: https://bit.ly/3kudhA3,Photo,2021-09-17 16:53:04,1531.0,1583.0,1564.0,1512.0,8.0,5.0,6.0,Is it getting harder and harder to plan your marketing strategy? Take control of your brand with these 10 timeless marketing tips: https://bit.ly/3kudhA3,Friday,2021-09-17,2022-03-29 23:53:04+03:00
50,Most high-growth companies face brutal challenges to stand out in a crowded marketplace. We partner with business leaders to scale their teams and accelerate their time to market. Here are 10 timeless marketing tips based on what we've learned from working with some of the top marketers in the world: https://bit.ly/3kudhA3,Video,2021-09-15 12:02:02,327.0,359.0,339.0,313.0,5.0,3.0,5.0,Most high-growth companies face brutal challenges to stand out in a crowded marketplace. We partner with business leaders to scale their teams and accelerate their time to market. Here are 10 timeless marketing tips based on what we've learned from working with some of the top marketers in the world: https://bit.ly/3kudhA3,Wednesday,2021-09-15,2022-03-29 19:02:02+03:00
51,"Whether you are navigating the elevated responsibility of marketing or the unexpected silver linings that have appeared in the current landscape, these timeless marketing tips will give you the strategies and insights you need: https://bit.ly/3kudhA3",Video,2021-09-13 14:04:11,252.0,286.0,268.0,243.0,6.0,3.0,6.0,"Whether you are navigating the elevated responsibility of marketing or the unexpected silver linings that have appeared in the current landscape, these timeless marketing tips will give you the strategies and insights you need: https://bit.ly/3kudhA3",Monday,2021-09-13,2022-03-29 21:04:11+03:00
52,"Marketing practices are ever-changing, but some aspects are timeless. Give your business the right foundation today. https://bit.ly/3C3KvgL",Link,2021-09-10 14:12:02,494.0,511.0,495.0,483.0,6.0,4.0,4.0,"Marketing practices are ever-changing, but some aspects are timeless. Give your business the right foundation today. https://bit.ly/3C3KvgL",Friday,2021-09-10,2022-03-29 21:12:02+03:00
53,"#DigitalMarketing Tip: Use data based insights üöÄ üöÄ
Data will never lie. It is your true companion in guiding the marketing strategies that you create and decisions to make. Find out more with these timeless marketing tips : https://bit.ly/3kudhA3 

#SuccessTips #tipfortheday #BusinessMarketer #BusinessMindset  #Growwithus #BusinessTips #BusinessQuotes #businesstips101 #learningneverstops  #businesslearning",Video,2021-09-07 13:10:12,263.0,286.0,262.0,245.0,6.0,3.0,4.0,"#DigitalMarketing Tip: Use data based insights üöÄ üöÄ
Data will never lie. It is your true companion in guiding the marketing strategies that you create and decisions to make. Find out more with these timeless marketing tips : https://bit.ly/3kudhA3 

#SuccessTips #tipfortheday #BusinessMarketer #BusinessMindset  #Growwithus #BusinessTips #BusinessQuotes #businesstips101 #learningneverstops  #businesslearning",Tuesday,2021-09-07,2022-03-29 20:10:12+03:00
54,"95% of purchasing choices are subconscious, according to Harvard professor Gerald Zaltman. So how do you appeal to your customer in little more than a split second? Download this guide for the timeless strategies and insights you need: https://bit.ly/3kudhA3

#SuccessTips #tipfortheday #BusinessMarketer #BusinessMindset  #Growwithus #BusinessTips #BusinessQuotes #businesstips101 #learningneverstops  #businesslearning",Photo,2021-09-02 11:23:03,1138.0,1157.0,1141.0,1127.0,5.0,3.0,5.0,"95% of purchasing choices are subconscious, according to Harvard professor Gerald Zaltman. So how do you appeal to your customer in little more than a split second? Download this guide for the timeless strategies and insights you need: https://bit.ly/3kudhA3

#SuccessTips #tipfortheday #BusinessMarketer #BusinessMindset  #Growwithus #BusinessTips #BusinessQuotes #businesstips101 #learningneverstops  #businesslearning",Thursday,2021-09-02,2022-03-29 18:23:03+03:00
55,"A whopping 66% of customers expect companies to understand their unique needs &amp; expectations. How is your customer service team adapting to the consumer‚Äôs growing demands? Here are some tips on how to amplify your impact: https://bit.ly/3kudhA3
#DigitalTransformation #Performance #MarketingStrategy #DigitalMarketing #ContentMarketing #Technology #SuccessMetrics #DataAnalysis",Photo,2021-08-31 12:19:01,875.0,875.0,863.0,893.0,4.0,2.0,4.0,"A whopping 66% of customers expect companies to understand their unique needs &amp; expectations. How is your customer service team adapting to the consumer‚Äôs growing demands? Here are some tips on how to amplify your impact: https://bit.ly/3kudhA3
#DigitalTransformation #Performance #MarketingStrategy #DigitalMarketing #ContentMarketing #Technology #SuccessMetrics #DataAnalysis",Tuesday,2021-08-31,2022-03-29 19:19:01+03:00
56,"Excellent service starts from a set of core values. When they are well-articulated, documented, and fully integrated into the firm‚Äôs culture they become a way of customer service. Find out how to action this and more in your free guide: https://bit.ly/3kudhA3

#DigitalTransformation #Performance #MarketingStrategy #DigitalMarketing #ContentMarketing #Technology #SuccessMetrics #DataAnalysis",Photo,2021-08-27 16:47:07,920.0,935.0,924.0,906.0,6.0,3.0,5.0,"Excellent service starts from a set of core values. When they are well-articulated, documented, and fully integrated into the firm‚Äôs culture they become a way of customer service. Find out how to action this and more in your free guide: https://bit.ly/3kudhA3

#DigitalTransformation #Performance #MarketingStrategy #DigitalMarketing #ContentMarketing #Technology #SuccessMetrics #DataAnalysis",Friday,2021-08-27,2022-03-29 23:47:07+03:00
57,"Your KPIs are useless if they're not aligned with your business goals. Download this free marketing guide to understand how to set your success metrics according to your strategic objectives and power up your impact: https://bit.ly/3kmNIRH

#marketingstrategy #Technology #business #innovation #success #leadership #digitaltransformation #collaboration #futureofbusiness #futureisnow #digitalagency #digitalmarketing",Photo,2021-08-25 12:09:03,1036.0,1052.0,1042.0,1023.0,7.0,4.0,6.0,"Your KPIs are useless if they're not aligned with your business goals. Download this free marketing guide to understand how to set your success metrics according to your strategic objectives and power up your impact: https://bit.ly/3kmNIRH

#marketingstrategy #Technology #business #innovation #success #leadership #digitaltransformation #collaboration #futureofbusiness #futureisnow #digitalagency #digitalmarketing",Wednesday,2021-08-25,2022-03-29 19:09:03+03:00
58,"Rowing harder doesn‚Äôt help if your boat is headed in the wrong direction. Get clear on how marketing can drive business growthüöÄ üöÄ.  Download your free digital guide https://bit.ly/3kmNIRH 

#DigitalTransformation #DigitalMarketing #MarketingStrategy #Technology #Business #Leadership #Success #socialmediamarketing

&quot;",Video,2021-08-23 14:20:26,350.0,356.0,343.0,335.0,8.0,4.0,4.0,"Rowing harder doesn‚Äôt help if your boat is headed in the wrong direction. Get clear on how marketing can drive business growthüöÄ üöÄ.  Download your free digital guide https://bit.ly/3kmNIRH 

#DigitalTransformation #DigitalMarketing #MarketingStrategy #Technology #Business #Leadership #Success #socialmediamarketing

&quot;",Monday,2021-08-23,2022-03-29 21:20:26+03:00
59,"Soon, you will be closer to making your brand timeless and limitless. Stay tuned for the big reveal!
 #HarnessYourPower #innovation #success #digitaltransformation #futureofbusiness #futureisnow",Photo,2021-08-21 01:48:56,1115.0,1121.0,1110.0,1102.0,5.0,3.0,4.0,"Soon, you will be closer to making your brand timeless and limitless. Stay tuned for the big reveal!
 #HarnessYourPower #innovation #success #digitaltransformation #futureofbusiness #futureisnow",Saturday,2021-08-21,2022-03-29 08:48:56+03:00
60,"Spoooooooky! isn't it? This year it only comes once but remember you can use it to keep your brand top of mind. 
#harnessyourpower #Growwithus #businesstips #tipfortheday",Photo,2021-08-13 03:36:00,1189.0,1198.0,1182.0,1168.0,8.0,5.0,7.0,"Spoooooooky! isn't it? This year it only comes once but remember you can use it to keep your brand top of mind. 
#harnessyourpower #Growwithus #businesstips #tipfortheday",Friday,2021-08-13,2022-03-29 10:36:00+03:00
61,"Harness your cool factor!

A good message makes sense. A great brand makes sales. We'll work with you tirelessly to turn your remarkable product into a compelling brand. Let's talk: https://reactionpower.com/schedule-session/

#harnessyourpower #innovation #success #digitaltransformation #futureofbusiness #futureisnow",Photo,2021-08-12 23:13:00,592.0,598.0,584.0,580.0,7.0,4.0,5.0,"Harness your cool factor!

A good message makes sense. A great brand makes sales. We'll work with you tirelessly to turn your remarkable product into a compelling brand. Let's talk: https://reactionpower.com/schedule-session/

#harnessyourpower #innovation #success #digitaltransformation #futureofbusiness #futureisnow",Thursday,2021-08-12,2022-03-30 06:13:00+03:00
62,"Content is king, but context is queen, and runs the household.  https://reactionpower.com/content-marketing-strategy-and-execution/",Link,2021-08-07 13:03:03,478.0,491.0,479.0,468.0,4.0,3.0,2.0,"Content is king, but context is queen, and runs the household.  https://reactionpower.com/content-marketing-strategy-and-execution/",Saturday,2021-08-07,2022-03-29 20:03:03+03:00
63,There's a current shift in social media platforms in an effort to create a more inclusive platform for users. Here is how Pinterest is going about it: https://bit.ly/2SLfldi.,Photo,2021-08-05 00:36:22,724.0,760.0,748.0,713.0,9.0,6.0,5.0,There's a current shift in social media platforms in an effort to create a more inclusive platform for users. Here is how Pinterest is going about it: https://bit.ly/2SLfldi.,Thursday,2021-08-05,2022-03-29 07:36:22+03:00
64,"Did you know that attitudes towards brands are evolving again? Nearly half of consumers view the overall trend of brand activism positively, but are skeptical about brands that are giving in or cashing in on the culture war. Read more at: https://bit.ly/2TpBOwC.",Photo,2021-08-02 12:31:35,1173.0,1194.0,1182.0,1162.0,7.0,4.0,5.0,"Did you know that attitudes towards brands are evolving again? Nearly half of consumers view the overall trend of brand activism positively, but are skeptical about brands that are giving in or cashing in on the culture war. Read more at: https://bit.ly/2TpBOwC.",Monday,2021-08-02,2022-03-29 19:31:35+03:00
65,"As the country opens up, the role data plays in successful OOH planning, identifying key locations, and finding the right audiences has become a central component. Read more on how data is saving the day at: https://bit.ly/3qFPfFb.",Video,2021-07-21 12:06:15,267.0,294.0,278.0,254.0,3.0,2.0,2.0,"As the country opens up, the role data plays in successful OOH planning, identifying key locations, and finding the right audiences has become a central component. Read more on how data is saving the day at: https://bit.ly/3qFPfFb.",Wednesday,2021-07-21,2022-03-29 19:06:15+03:00
66,"Constraints breed creativity. When you work with great, inspired, and insightful creative people, they find a way of smashing them. Here are 3 lessons we've learned over the years:

1. Creativity is best applied when it engages customers and super-serves their needs. 

2. Nothing can replicate a brilliantly simple consumer insight. 

3. It's crucial to keep abreast of digital transformation; the priority vehicle for exceptional customer experiences in the future. 

We can help you get more done. Book a strategy session with us: https://bit.ly/3iyGb11

#MotivationMonday #marketing #digitalmarketing #socialmediamarketing",Video,2021-07-15 22:59:16,272.0,299.0,280.0,258.0,6.0,3.0,4.0,"Constraints breed creativity. When you work with great, inspired, and insightful creative people, they find a way of smashing them. Here are 3 lessons we've learned over the years:

1. Creativity is best applied when it engages customers and super-serves their needs. 

2. Nothing can replicate a brilliantly simple consumer insight. 

3. It's crucial to keep abreast of digital transformation; the priority vehicle for exceptional customer experiences in the future. 

We can help you get more done. Book a strategy session with us: https://bit.ly/3iyGb11

#MotivationMonday #marketing #digitalmarketing #socialmediamarketing",Thursday,2021-07-15,2022-03-30 05:59:16+03:00
67,Are you looking to improve your customer's experience innovatively? Here are 4 of the best ways to do that using AI: https://bit.ly/3xfATxw.,Photo,2021-07-12 17:30:04,776.0,805.0,696.0,675.0,5.0,1.0,4.0,Are you looking to improve your customer's experience innovatively? Here are 4 of the best ways to do that using AI: https://bit.ly/3xfATxw.,Monday,2021-07-12,2022-03-30 00:30:04+03:00
68,The best marketing doesn‚Äôt feel like marketing. What's the most impactful ad you've watched lately? #DigitalMarketing #Strategy #MarketingForImpact,Photo,2021-07-09 17:30:03,801.0,816.0,805.0,794.0,7.0,4.0,6.0,The best marketing doesn‚Äôt feel like marketing. What's the most impactful ad you've watched lately? #DigitalMarketing #Strategy #MarketingForImpact,Friday,2021-07-09,2022-03-30 00:30:03+03:00
69,"The future is digital. Remember that behaviors are evolving and real-time data is more important than ever. Here are 3 ways to identify and respond to new behaviors, challenges, and opportunities:

‚Ä¢ Ask yourself if you have the infrastructure in place to gain these insights.

‚Ä¢ Use your data to understand how the pandemic has impacted your target customer, particularly in different industries and regions.

‚Ä¢ Focus on new ways to add value right now.

Your business will benefit from an experienced partner who can help you get more done smarter and faster as you build a robust digital foundation. Schedule a session with our team at https://bit.ly/3AzEclt

#TechThursday #DigitalMarketing",Video,2021-07-08 17:30:31,280.0,301.0,289.0,271.0,6.0,2.0,5.0,"The future is digital. Remember that behaviors are evolving and real-time data is more important than ever. Here are 3 ways to identify and respond to new behaviors, challenges, and opportunities:

‚Ä¢ Ask yourself if you have the infrastructure in place to gain these insights.

‚Ä¢ Use your data to understand how the pandemic has impacted your target customer, particularly in different industries and regions.

‚Ä¢ Focus on new ways to add value right now.

Your business will benefit from an experienced partner who can help you get more done smarter and faster as you build a robust digital foundation. Schedule a session with our team at https://bit.ly/3AzEclt

#TechThursday #DigitalMarketing",Thursday,2021-07-08,2022-03-30 00:30:31+03:00
70,Technology is here to enhance your impact. The right tech in the hands of amazing innovators is transformational.  #TechTuesday #DigitalMarketing #DigitalTransformation,Photo,2021-07-06 17:30:05,579.0,585.0,573.0,568.0,2.0,1.0,2.0,Technology is here to enhance your impact. The right tech in the hands of amazing innovators is transformational.  #TechTuesday #DigitalMarketing #DigitalTransformation,Tuesday,2021-07-06,2022-03-30 00:30:05+03:00
71,"Pies, fries, and the 4th of July! üá∫üá∏

#Happy4th #IndependenceDay #StarsAndStripes #FourthOfJuly #America #Summer #Freedom #GodBlessAmerica",Video,2021-07-04 17:30:18,315.0,327.0,313.0,302.0,7.0,4.0,5.0,"Pies, fries, and the 4th of July! üá∫üá∏

#Happy4th #IndependenceDay #StarsAndStripes #FourthOfJuly #America #Summer #Freedom #GodBlessAmerica",Sunday,2021-07-04,2022-03-30 00:30:18+03:00
72,Sending good wishes your way on the festival of joy. Merry Christmas to you and your family!,Video,2021-12-24 08:52:38,1014.0,1026.0,1013.0,1003.0,4.0,4.0,2.0,Sending good wishes your way on the festival of joy. Merry Christmas to you and your family!,Friday,2021-12-24,2022-03-29 15:52:38+03:00
73,"Marketing leaders are often overwhelmed by the myriad number of strategies, tools and tactics today, everything is turning on its head. However, it doesn‚Äôt have to be so confusing. Check out these 10 timeless marketing secrets to survive the riptides of ever-shifting marketing and stand above the noise: https://bit.ly/31XS1gP",Video,2021-12-14 11:19:18,384.0,409.0,395.0,373.0,2.0,2.0,1.0,"Marketing leaders are often overwhelmed by the myriad number of strategies, tools and tactics today, everything is turning on its head. However, it doesn‚Äôt have to be so confusing. Check out these 10 timeless marketing secrets to survive the riptides of ever-shifting marketing and stand above the noise: https://bit.ly/31XS1gP",Tuesday,2021-12-14,2022-03-29 18:19:18+03:00
74,"Is your marketing campaign not getting your desired results? Your content may be too self-serving or overly promotional and offers no real value to your audience. 

Get this insider's guide to next-level content marketing : https://bit.ly/3xTDYEx",Video,2021-12-03 15:45:21,634.0,671.0,646.0,612.0,5.0,5.0,2.0,"Is your marketing campaign not getting your desired results? Your content may be too self-serving or overly promotional and offers no real value to your audience. 

Get this insider's guide to next-level content marketing : https://bit.ly/3xTDYEx",Friday,2021-12-03,2022-03-29 22:45:21+03:00
75,3 Cs of Marketing: CHOICES. CHANCES. CHANGES. You must make a choice to take a chance or your marketing won't change lives. https://bit.ly/3DTJGII,Unknown,2021-11-30 09:00:02,1448.0,1449.0,1436.0,1442.0,6.0,5.0,3.0,3 Cs of Marketing: CHOICES. CHANCES. CHANGES. You must make a choice to take a chance or your marketing won't change lives. https://bit.ly/3DTJGII,Tuesday,2021-11-30,2022-03-29 16:00:02+03:00
76,It‚Äôs an add to cart kind of day! E-commerce domination is inevitable and is becoming an important part of global commerce. How do you lure in more customers and make them stick? The secret lies in customer experience and entertainmerce; get this insider's guide to take your E-commerce to the next-level: https://bit.ly/3xBiZGo Happy #CyberMonday,Photo,2021-11-29 10:03:01,1545.0,1577.0,1564.0,1535.0,8.0,8.0,5.0,It‚Äôs an add to cart kind of day! E-commerce domination is inevitable and is becoming an important part of global commerce. How do you lure in more customers and make them stick? The secret lies in customer experience and entertainmerce; get this insider's guide to take your E-commerce to the next-level: https://bit.ly/3xBiZGo Happy #CyberMonday,Monday,2021-11-29,2022-03-29 17:03:01+03:00
77,Wishing you a HAPPY THANKSGIVING.,Video,2021-11-25 10:04:46,305.0,324.0,307.0,290.0,4.0,3.0,1.0,Wishing you a HAPPY THANKSGIVING.,Thursday,2021-11-25,2022-03-29 17:04:46+03:00
78,"Is social commerce part of your holiday marketing strategy? It should be! Learn how to tap into this major evolution in retail marketing and make your brand shoppable: https://bit.ly/3ovjm1p

#socialcommerce #saasgrowth #saasmarketing #saasstartup #socialadvertising #scaleup #socialmediaadvertising",Video,2021-11-15 11:05:29,581.0,617.0,575.0,539.0,4.0,3.0,3.0,"Is social commerce part of your holiday marketing strategy? It should be! Learn how to tap into this major evolution in retail marketing and make your brand shoppable: https://bit.ly/3ovjm1p

#socialcommerce #saasgrowth #saasmarketing #saasstartup #socialadvertising #scaleup #socialmediaadvertising",Monday,2021-11-15,2022-03-29 18:05:29+03:00
79,"Inspiring, passionate, kind, fun, or irreverent... Which lingo best portrays your brand? By having a consistent brand voice, your audience perceives you as reliable and understandable. Here are 6 key elements to consider as part of your brand strategy https://bit.ly/3qyq2OU

#brandvoice #branding #brandstrategy #brandpersonality #businesstips #successtips #digitalmarketing #reactionpower",Video,2021-11-12 15:48:33,721.0,755.0,733.0,699.0,8.0,7.0,4.0,"Inspiring, passionate, kind, fun, or irreverent... Which lingo best portrays your brand? By having a consistent brand voice, your audience perceives you as reliable and understandable. Here are 6 key elements to consider as part of your brand strategy https://bit.ly/3qyq2OU

#brandvoice #branding #brandstrategy #brandpersonality #businesstips #successtips #digitalmarketing #reactionpower",Friday,2021-11-12,2022-03-29 22:48:33+03:00
80,"How can you be a trusted thought leader, who is building meaningful rapport and engagement with customers, in a world saturated with poorly performing, uninspiring, promotional content?
Great insights shared in the LinkedIn &amp; Edelman B2B Thought Leadership Impact Study on how to break through the noise: https://bit.ly/30gv6fO",Link,2021-11-11 10:54:30,1247.0,1279.0,1264.0,1234.0,6.0,5.0,3.0,"How can you be a trusted thought leader, who is building meaningful rapport and engagement with customers, in a world saturated with poorly performing, uninspiring, promotional content?
Great insights shared in the LinkedIn &amp; Edelman B2B Thought Leadership Impact Study on how to break through the noise: https://bit.ly/30gv6fO",Thursday,2021-11-11,2022-03-29 17:54:30+03:00
81,"How can you provide remarkable customer experiences in a world of constant disruptions? If there's anything we've learned over the last 18 months, it's that things can and do change in an instant. Reviewing, refining, and reinventing your relationship with clients is critical for your bottom line in an ever-evolving marketplace. Check out our latest blog post and learn 5 unbeatable tips to improve your customer experience.
https://bit.ly/3bN2Bsm",Video,2021-11-05 10:47:45,515.0,564.0,550.0,503.0,7.0,6.0,3.0,"How can you provide remarkable customer experiences in a world of constant disruptions? If there's anything we've learned over the last 18 months, it's that things can and do change in an instant. Reviewing, refining, and reinventing your relationship with clients is critical for your bottom line in an ever-evolving marketplace. Check out our latest blog post and learn 5 unbeatable tips to improve your customer experience.
https://bit.ly/3bN2Bsm",Friday,2021-11-05,2022-03-29 17:47:45+03:00
82,"Today, the average human attention span is 8 seconds, one second shorter than the attention span of your average goldfish. With marketers creating content each day,  it only means that there is so much information available online that users can‚Äôt keep up with. So, how then do you grab the attention of your potential customers and then keep it long enough to convert them into actual leads?
Start implementing these 3 simple tips with us today. https://bit.ly/2XW6pUU",Unknown,2021-10-29 12:21:04,2264.0,2265.0,2169.0,2170.0,8.0,3.0,7.0,"Today, the average human attention span is 8 seconds, one second shorter than the attention span of your average goldfish. With marketers creating content each day,  it only means that there is so much information available online that users can‚Äôt keep up with. So, how then do you grab the attention of your potential customers and then keep it long enough to convert them into actual leads?
Start implementing these 3 simple tips with us today. https://bit.ly/2XW6pUU",Friday,2021-10-29,2022-03-29 19:21:04+03:00
83,"Why be ordinary when you can be extraordinary and stand out from the crowd. This is how you thrive and win business in a hyper-competitive world! 
Make a breakthrough in your digital marketing with our creative minds. Let‚Äôs talk creativity. https://bit.ly/3GoxW2D",Video,2021-10-25 13:19:39,632.0,684.0,666.0,620.0,10.0,8.0,6.0,"Why be ordinary when you can be extraordinary and stand out from the crowd. This is how you thrive and win business in a hyper-competitive world! 
Make a breakthrough in your digital marketing with our creative minds. Let‚Äôs talk creativity. https://bit.ly/3GoxW2D",Monday,2021-10-25,2022-03-29 20:19:39+03:00
84,#DigitalMarketing Tip: Enhancing your digital presence starts with understanding your audience. Here are 3 quick tips to get an instant lift and accelerate sales conversions https://bit.ly/3pjiUFd,Video,2021-10-19 11:18:44,608.0,637.0,622.0,597.0,11.0,8.0,6.0,#DigitalMarketing Tip: Enhancing your digital presence starts with understanding your audience. Here are 3 quick tips to get an instant lift and accelerate sales conversions https://bit.ly/3pjiUFd,Tuesday,2021-10-19,2022-03-29 18:18:44+03:00
85,"Chief marketing officers can be under constant stress, we can fix that. If you have too much on your plate, are burned out, are unable to stay on top of marketing trends or perhaps need more time to focus on other tasks, it is time to call in the big guns. Get more done effectively, efficiently and affordably with our global professional teams helping you behind the scenes, 24 hours a day. We‚Äôre here to help: https://bit.ly/3mMAGxU",Video,2021-10-14 02:06:37,583.0,635.0,615.0,569.0,7.0,4.0,6.0,"Chief marketing officers can be under constant stress, we can fix that. If you have too much on your plate, are burned out, are unable to stay on top of marketing trends or perhaps need more time to focus on other tasks, it is time to call in the big guns. Get more done effectively, efficiently and affordably with our global professional teams helping you behind the scenes, 24 hours a day. We‚Äôre here to help: https://bit.ly/3mMAGxU",Thursday,2021-10-14,2022-03-29 09:06:37+03:00
86,"Named the marketing word of the year in 2019, personalization has become one of the most indispensable marketing strategies. If you are not offering a tailored experience you are losing sales because 80% of consumers are more likely to buy from a company that understands their needs and offers personalised experiences according to research by Epsilon. Learn more on how you can understand your audience and leverage data to create relevant, personalised content: https://bit.ly/3kudhA3 

#SuccessTips #digitalmarketing #harnessyourpower",Video,2021-10-12 14:05:01,506.0,548.0,532.0,495.0,10.0,7.0,5.0,"Named the marketing word of the year in 2019, personalization has become one of the most indispensable marketing strategies. If you are not offering a tailored experience you are losing sales because 80% of consumers are more likely to buy from a company that understands their needs and offers personalised experiences according to research by Epsilon. Learn more on how you can understand your audience and leverage data to create relevant, personalised content: https://bit.ly/3kudhA3 

#SuccessTips #digitalmarketing #harnessyourpower",Tuesday,2021-10-12,2022-03-29 21:05:01+03:00
87,"86% of customers are willing to pay more for a better experience according to research from PwC.  Customer experience has overtaken the price and quality of products to become the number one brand differentiator today. Customers would rather invest in a brand that understands their needs, expectations, preferences and constantly provides value beyond the initial purchase.

How are you improving your customer experience?

Read On : https://bit.ly/3aprAS1",Unknown,2021-10-08 21:04:29,1682.0,1756.0,1640.0,1586.0,7.0,2.0,7.0,"86% of customers are willing to pay more for a better experience according to research from PwC.  Customer experience has overtaken the price and quality of products to become the number one brand differentiator today. Customers would rather invest in a brand that understands their needs, expectations, preferences and constantly provides value beyond the initial purchase.

How are you improving your customer experience?

Read On : https://bit.ly/3aprAS1",Friday,2021-10-08,2022-03-30 04:04:29+03:00
88,"Modern consumers are savvy. Today, 87% of shoppers begin their search on digital channels - by checking multiple pieces of content across several sites- before moving on from one stage of the purchase journey to the next. Do you want to capture and retain the interest of your target customers? Get in touch with us www.reactionpower.com 

#HappyCustomerServiceWeek",Video,2021-10-07 07:49:08,592.0,639.0,626.0,583.0,9.0,6.0,5.0,"Modern consumers are savvy. Today, 87% of shoppers begin their search on digital channels - by checking multiple pieces of content across several sites- before moving on from one stage of the purchase journey to the next. Do you want to capture and retain the interest of your target customers? Get in touch with us www.reactionpower.com 

#HappyCustomerServiceWeek",Thursday,2021-10-07,2022-03-29 14:49:08+03:00
89,"Automatic speech recognition is fascinating!
Here's how it has evolved and how you can use it to benefit your company: https://bit.ly/3ww5sS1",Video,2022-03-23 12:08:35,149.0,151.0,151.0,149.0,0.0,0.0,0.0,"Automatic speech recognition is fascinating!
Here's how it has evolved and how you can use it to benefit your company: https://bit.ly/3ww5sS1",Wednesday,2022-03-23,2022-03-29 19:08:35+03:00
90,"Did you know that poor data quality can affect your bottom line?

Here‚Äôs a short read on how to measure your data quality: https://bit.ly/3AjCG78",Video,2022-03-22 13:50:25,227.0,230.0,228.0,225.0,4.0,2.0,2.0,"Did you know that poor data quality can affect your bottom line?

Here‚Äôs a short read on how to measure your data quality: https://bit.ly/3AjCG78",Tuesday,2022-03-22,2022-03-29 20:50:25+03:00
91,"Happy Friday! A great way to build awareness online is to optimize your media budgets. 

Catch up on 6 criteria for selecting your media and advertising measurement products here: https://bit.ly/3u8eNwz",Video,2022-03-18 15:10:29,301.0,303.0,297.0,294.0,1.0,1.0,1.0,"Happy Friday! A great way to build awareness online is to optimize your media budgets. 

Catch up on 6 criteria for selecting your media and advertising measurement products here: https://bit.ly/3u8eNwz",Friday,2022-03-18,2022-03-29 22:10:29+03:00
92,"What exactly is Web 3.0, and what advantages does it offer you to expand your reach? 

Here is an inspiring read, for all the details you need: https://bit.ly/37v7p6N",Video,2022-03-16 17:15:23,287.0,287.0,281.0,284.0,3.0,3.0,2.0,"What exactly is Web 3.0, and what advantages does it offer you to expand your reach? 

Here is an inspiring read, for all the details you need: https://bit.ly/37v7p6N",Wednesday,2022-03-16,2022-03-30 00:15:23+03:00
93,"Building a personal brand is more than just getting your name out there.

As a senior executive, investing time and resources to creating a strong brand could elevate your influence and success. 

Take a closer look at why executive branding matters more than ever in 2022 here: https://bit.ly/3KJlOL5",Video,2022-03-15 11:13:23,448.0,455.0,449.0,441.0,3.0,3.0,3.0,"Building a personal brand is more than just getting your name out there.

As a senior executive, investing time and resources to creating a strong brand could elevate your influence and success. 

Take a closer look at why executive branding matters more than ever in 2022 here: https://bit.ly/3KJlOL5",Tuesday,2022-03-15,2022-03-29 18:13:23+03:00
94,"Digital transformation is a constant process of building and updating your digital strategy around the needs of both your business and your clients. 
Here‚Äôs 7 key steps you can take to redefine your business‚Äô digital presence: https://bit.ly/3MIWzdG",Video,2022-03-11 14:11:26,336.0,351.0,341.0,327.0,2.0,2.0,1.0,"Digital transformation is a constant process of building and updating your digital strategy around the needs of both your business and your clients. 
Here‚Äôs 7 key steps you can take to redefine your business‚Äô digital presence: https://bit.ly/3MIWzdG",Friday,2022-03-11,2022-03-29 21:11:26+03:00
95,"As you reimagine the future and your customer experiences, we can help. 

Get a copy of our e-book ‚Äò7 Steps to Total Digital Transformation‚Äô to learn how: https://bit.ly/3CC0cO0",Photo,2022-03-09 13:54:01,947.0,947.0,938.0,945.0,1.0,1.0,1.0,"As you reimagine the future and your customer experiences, we can help. 

Get a copy of our e-book ‚Äò7 Steps to Total Digital Transformation‚Äô to learn how: https://bit.ly/3CC0cO0",Wednesday,2022-03-09,2022-03-29 20:54:01+03:00
96,"Today, we celebrate women everywhere who continue to #BreakTheBias in the journey towards gender equality for a more sustainable tomorrow.
 Happy International Women's Day!",Video,2022-03-08 09:19:18,258.0,265.0,255.0,248.0,4.0,3.0,3.0,"Today, we celebrate women everywhere who continue to #BreakTheBias in the journey towards gender equality for a more sustainable tomorrow.
 Happy International Women's Day!",Tuesday,2022-03-08,2022-03-29 16:19:18+03:00
97,"One thing we‚Äôve all discovered is that things can and do change in an instant. As a business, having a plan that's adaptable in the face of uncertainty is crucial to thriving. 

Get your free e-book on 7 Strategic Steps to Total Digital Transformation here: https://bit.ly/3tsRBZL",Video,2022-03-04 14:13:19,374.0,375.0,366.0,365.0,2.0,1.0,1.0,"One thing we‚Äôve all discovered is that things can and do change in an instant. As a business, having a plan that's adaptable in the face of uncertainty is crucial to thriving. 

Get your free e-book on 7 Strategic Steps to Total Digital Transformation here: https://bit.ly/3tsRBZL",Friday,2022-03-04,2022-03-29 21:13:19+03:00
98,"Digital transformation is essential to staying competitive in today‚Äôs ever-shifting, digitally powered world. 
Stay above the fray with this free e-book on essential steps to digital transformation: https://bit.ly/3K9j0q9",Video,2022-03-02 12:19:00,383.0,384.0,377.0,375.0,3.0,3.0,0.0,"Digital transformation is essential to staying competitive in today‚Äôs ever-shifting, digitally powered world. 
Stay above the fray with this free e-book on essential steps to digital transformation: https://bit.ly/3K9j0q9",Wednesday,2022-03-02,2022-03-29 19:19:00+03:00
99,"73% of companies fail in their digital transformation process and lack to get business value from it, according to an Everest Group study. 

How do you ensure as a business leader that your business is among the 27% of successful transformers?

Get a copy of our free e-book ‚Äò7 Steps to Total Digital Transformation‚Äô to favor the odds of your digital transformation success https://bit.ly/3tnVG18",Video,2022-03-01 11:51:09,259.0,276.0,267.0,251.0,0.0,0.0,0.0,"73% of companies fail in their digital transformation process and lack to get business value from it, according to an Everest Group study. 

How do you ensure as a business leader that your business is among the 27% of successful transformers?

Get a copy of our free e-book ‚Äò7 Steps to Total Digital Transformation‚Äô to favor the odds of your digital transformation success https://bit.ly/3tnVG18",Tuesday,2022-03-01,2022-03-29 18:51:09+03:00
100,"We learn from the past  and look forward to the future. However, the present is the perfect time to work towards achieving your objectives.

 Have a productive and fulfilling day!  https://bit.ly/3BOESo2",Photo,2022-02-25 11:32:19,884.0,916.0,898.0,863.0,5.0,4.0,2.0,"We learn from the past  and look forward to the future. However, the present is the perfect time to work towards achieving your objectives.

 Have a productive and fulfilling day!  https://bit.ly/3BOESo2",Friday,2022-02-25,2022-03-29 18:32:19+03:00
101,"Digital transformation is more than just a buzzword, it is a business imperative. Here‚Äôs how you can build a winning digital transformation strategy in 7 practical steps: https://bit.ly/3p9mocB",Video,2022-02-23 04:29:50,361.0,381.0,369.0,353.0,4.0,3.0,1.0,"Digital transformation is more than just a buzzword, it is a business imperative. Here‚Äôs how you can build a winning digital transformation strategy in 7 practical steps: https://bit.ly/3p9mocB",Wednesday,2022-02-23,2022-03-29 11:29:50+03:00
102,"Digital adoption has taken a quantum leap and there is no going back! As a business leader, your concern is how to thrive now and beyond. üöÄ Learn how to adapt and scale in a post-pandemic digital world with your free copy of 7 Strategic Steps to Total Digital Transformation https://bit.ly/3p9mocB",Video,2022-02-22 12:07:12,489.0,505.0,495.0,479.0,3.0,2.0,1.0,"Digital adoption has taken a quantum leap and there is no going back! As a business leader, your concern is how to thrive now and beyond. üöÄ Learn how to adapt and scale in a post-pandemic digital world with your free copy of 7 Strategic Steps to Total Digital Transformation https://bit.ly/3p9mocB",Tuesday,2022-02-22,2022-03-29 19:07:12+03:00
103,"The difference between ordinary and extraordinary is that little extra. Work with a little extra passion this week to meet your goals. 

Happy Presidents' Day!",Photo,2022-02-21 10:53:01,699.0,701.0,691.0,692.0,2.0,1.0,2.0,"The difference between ordinary and extraordinary is that little extra. Work with a little extra passion this week to meet your goals. 

Happy Presidents' Day!",Monday,2022-02-21,2022-03-29 17:53:01+03:00
104,"Listen to Marketing O‚Äôclock with Reactionpower for an insightful deepdive into how Web3 and NFTs could be part of your next successful marketing strategy. 

Get access to the full episode on Spotify here:
 https://spoti.fi/3v08DB0",Video,2022-02-18 13:29:18,340.0,366.0,273.0,258.0,5.0,1.0,3.0,"Listen to Marketing O‚Äôclock with Reactionpower for an insightful deepdive into how Web3 and NFTs could be part of your next successful marketing strategy. 

Get access to the full episode on Spotify here:
 https://spoti.fi/3v08DB0",Friday,2022-02-18,2022-03-29 20:29:18+03:00
105,"38% of executives plan to invest more in technology to make it their competitive advantage, according to Deloitte. Act now! Don't let your potential and opportunity fizzle out in the wake of competition. Here are 7 strategic steps to total digital transformation https://bit.ly/3gVNlw0",Video,2022-02-17 23:55:36,500.0,521.0,513.0,495.0,5.0,4.0,1.0,"38% of executives plan to invest more in technology to make it their competitive advantage, according to Deloitte. Act now! Don't let your potential and opportunity fizzle out in the wake of competition. Here are 7 strategic steps to total digital transformation https://bit.ly/3gVNlw0",Thursday,2022-02-17,2022-03-30 06:55:36+03:00
106,"Time is one of the greatest assets in life and in business. A great indicator of time well spent is growth through learning from experiences as well as resources. 

Take a few minutes to explore a few tips to boost your company‚Äôs customer experience: https://bit.ly/3aprAS1",Photo,2022-02-15 12:15:08,713.0,727.0,719.0,707.0,2.0,2.0,0.0,"Time is one of the greatest assets in life and in business. A great indicator of time well spent is growth through learning from experiences as well as resources. 

Take a few minutes to explore a few tips to boost your company‚Äôs customer experience: https://bit.ly/3aprAS1",Tuesday,2022-02-15,2022-03-29 19:15:08+03:00
107,"Fueled by digital evolution, the rate of change in the marketing world has been amazing! However, the more it evolves the more we realize that core marketing tactics never change. 
Take a look at these 10 timeless marketing tips to fuel your marketing strategies. https://bit.ly/34viiob",Photo,2022-02-09 11:55:03,744.0,758.0,750.0,737.0,1.0,1.0,0.0,"Fueled by digital evolution, the rate of change in the marketing world has been amazing! However, the more it evolves the more we realize that core marketing tactics never change. 
Take a look at these 10 timeless marketing tips to fuel your marketing strategies. https://bit.ly/34viiob",Wednesday,2022-02-09,2022-03-29 18:55:03+03:00
108,"Your brand voice is your personality. The big question is, how is your brand expressing itself? Take a look at these useful strategies to effectively build your brand voice: https://bit.ly/3onGgIu",Video,2022-02-07 16:46:31,308.0,318.0,312.0,303.0,2.0,2.0,1.0,"Your brand voice is your personality. The big question is, how is your brand expressing itself? Take a look at these useful strategies to effectively build your brand voice: https://bit.ly/3onGgIu",Monday,2022-02-07,2022-03-29 23:46:31+03:00
109,"The year of the Tiger brings exciting opportunities. It's a great time to take bold risks and gain the courage to venture deeper into the digital jungle. 

Let's become fearless and discover new ways of achieving our goals. https://bit.ly/3AX8cYX

#HappyLunarNewYear #YearOfTheTiger",Video,2022-02-01 11:49:22,247.0,260.0,249.0,237.0,3.0,3.0,0.0,"The year of the Tiger brings exciting opportunities. It's a great time to take bold risks and gain the courage to venture deeper into the digital jungle. 

Let's become fearless and discover new ways of achieving our goals. https://bit.ly/3AX8cYX

#HappyLunarNewYear #YearOfTheTiger",Tuesday,2022-02-01,2022-03-29 18:49:22+03:00
110,"Trends have proven to be a mainstay when it comes to boosting brand personality, creativity, and top of mind awareness.

Get access to these vital elements that will help keep your brand visible and exciting: https://bit.ly/3o2EY5B

#contentmarketing #advertising #marketingstrategy
#digitalmarketingagency #reactionpower",Video,2022-01-28 15:51:31,535.0,550.0,472.0,466.0,7.0,2.0,6.0,"Trends have proven to be a mainstay when it comes to boosting brand personality, creativity, and top of mind awareness.

Get access to these vital elements that will help keep your brand visible and exciting: https://bit.ly/3o2EY5B

#contentmarketing #advertising #marketingstrategy
#digitalmarketingagency #reactionpower",Friday,2022-01-28,2022-03-29 22:51:31+03:00
111,"In recent times, customer experience has overtaken the price and quality of products to become the leading brand differentiator. 

Take a look at these essential tips to improve your customer experience and set your brand apart: https://bit.ly/3G0bVWD

#digitaltransformation #technology #innovation #digitalmarketing #business #successtips #reactionpower",Video,2022-01-25 10:59:23,361.0,381.0,369.0,353.0,5.0,5.0,2.0,"In recent times, customer experience has overtaken the price and quality of products to become the leading brand differentiator. 

Take a look at these essential tips to improve your customer experience and set your brand apart: https://bit.ly/3G0bVWD

#digitaltransformation #technology #innovation #digitalmarketing #business #successtips #reactionpower",Tuesday,2022-01-25,2022-03-29 17:59:23+03:00
112,"Marketing data is key when it comes to reaching your audience. However, the quality of your data can make a world of difference when connecting with your audience and meeting their needs. 

Check out these tips on how to measure your data quality: https://bit.ly/3AjCG78

#digitaltransformation #technology #innovation #digitalmarketing #business #successtips #reactionpower",Video,2022-01-21 16:11:22,337.0,355.0,346.0,329.0,3.0,3.0,1.0,"Marketing data is key when it comes to reaching your audience. However, the quality of your data can make a world of difference when connecting with your audience and meeting their needs. 

Check out these tips on how to measure your data quality: https://bit.ly/3AjCG78

#digitaltransformation #technology #innovation #digitalmarketing #business #successtips #reactionpower",Friday,2022-01-21,2022-03-29 23:11:22+03:00
113,"As we remember Dr. Martin Luther King Jr., we think of his unwavering determination to spread a message of freedom, justice, and love. His legacy inspires us all to stand up for what we believe in. Happy Martin Luther King Day!

#MLKDay2022 

#ihaveadream #Peace #martinlutherking #blacklivesmatter #MLKDay #martinlutherkingjr  #blackhistory",Video,2022-01-17 12:10:14,338.0,373.0,354.0,322.0,6.0,3.0,5.0,"As we remember Dr. Martin Luther King Jr., we think of his unwavering determination to spread a message of freedom, justice, and love. His legacy inspires us all to stand up for what we believe in. Happy Martin Luther King Day!

#MLKDay2022 

#ihaveadream #Peace #martinlutherking #blacklivesmatter #MLKDay #martinlutherkingjr  #blackhistory",Monday,2022-01-17,2022-03-29 19:10:14+03:00
114,"Marketing is no longer about the stuff that you make, but about the stories, you tell. ‚Äì Seth Godin https://bit.ly/3A0V3hd",Video,2022-01-14 15:45:25,426.0,451.0,433.0,413.0,6.0,5.0,3.0,"Marketing is no longer about the stuff that you make, but about the stories, you tell. ‚Äì Seth Godin https://bit.ly/3A0V3hd",Friday,2022-01-14,2022-03-29 22:45:25+03:00
115,"Do you have big ideas for this year?  Keep in mind that careful planning and determined execution breathe life into your ideas!  

#digitaltransformation #technology #innovation #digitalmarketing #reactionpower",Photo,2022-01-12 13:52:01,547.0,565.0,555.0,540.0,1.0,1.0,1.0,"Do you have big ideas for this year?  Keep in mind that careful planning and determined execution breathe life into your ideas!  

#digitaltransformation #technology #innovation #digitalmarketing #reactionpower",Wednesday,2022-01-12,2022-03-29 20:52:01+03:00
116,"The metaverse is an immersive online social experience that lets people connect and interact even when not physically together. This connectivity presents an exciting opportunity for advertising, commerce, currency exchange and much more. 

Discover why the future of business could be in the metaverse: https://bit.ly/3EYSHjG",Video,2022-01-07 15:45:20,527.0,557.0,540.0,518.0,9.0,7.0,3.0,"The metaverse is an immersive online social experience that lets people connect and interact even when not physically together. This connectivity presents an exciting opportunity for advertising, commerce, currency exchange and much more. 

Discover why the future of business could be in the metaverse: https://bit.ly/3EYSHjG",Friday,2022-01-07,2022-03-29 22:45:20+03:00
117,"As another extraordinary year ends, we are grateful for taking the 365 days journey with us on this corner of the internet. Thanks and greetings for a new beginning! Happy New Year.",Video,2021-12-31 11:11:51,393.0,434.0,413.0,379.0,4.0,3.0,0.0,"As another extraordinary year ends, we are grateful for taking the 365 days journey with us on this corner of the internet. Thanks and greetings for a new beginning! Happy New Year.",Friday,2021-12-31,2022-03-29 18:11:51+03:00
